<?xml version="1.0" encoding="UTF-8"?>

<mule xmlns:http="http://www.mulesoft.org/schema/mule/http" xmlns:servicebus="http://www.mulesoft.org/schema/mule/servicebus"
	xmlns="http://www.mulesoft.org/schema/mule/core"
	xmlns:doc="http://www.mulesoft.org/schema/mule/documentation" xmlns:xsi="http://www.w3.org/2001/XMLSchema-instance" xsi:schemaLocation="http://www.mulesoft.org/schema/mule/core http://www.mulesoft.org/schema/mule/core/current/mule.xsd
http://www.mulesoft.org/schema/mule/servicebus http://www.mulesoft.org/schema/mule/servicebus/current/mule-servicebus.xsd
http://www.mulesoft.org/schema/mule/http http://www.mulesoft.org/schema/mule/http/current/mule-http.xsd">
	<servicebus:config name="Microsoft_Service_Bus_Config" doc:name="Microsoft Service Bus Config" doc:id="1ca655cb-209c-45c4-b8d4-3a66cda43b6a" >
		<servicebus:username-password-connection userName="RootManageSharedAccessKey" password="4F28E15ieV2OnHY+wkRT9QhcdPk7xDHLoc0iZYH9Tl0=" namespace="testazbus" skipConnectivityTest="true">
			<reconnection >
				<reconnect />
			</reconnection>
			<servicebus:caching-strategy >
				<servicebus:no-caching />
			</servicebus:caching-strategy>
		</servicebus:username-password-connection>
	</servicebus:config>
	<http:listener-config name="HTTP_Listener_config" doc:name="HTTP Listener config" doc:id="17aa9597-3cfd-49aa-8264-56a2503bb943" >
		<http:listener-connection host="0.0.0.0" port="8087" />
	</http:listener-config>
	<flow name="tstasbFlow" doc:id="ffbf3d06-32cc-4c35-8ccd-601e304d37f8" >
		<servicebus:listener sourceType="Queue" destination="testq" doc:name="Listener" doc:id="76c32726-93cb-47dd-92e8-a50675aacef0" config-ref="Microsoft_Service_Bus_Config" subscription="testq" ackMode="MANUAL"/>
		<logger level="INFO" doc:name="Logger" doc:id="01093af1-92ac-4422-a39c-f1fa40640de3" message="#[payload]"/>
		<servicebus:ack doc:name="Ack" doc:id="0f2fe820-71da-476e-b2cc-06d18c9bf37b" config-ref="Microsoft_Service_Bus_Config">
			<servicebus:ack-id ><![CDATA[#[attributes.ackId]]]></servicebus:ack-id>
		</servicebus:ack>
	</flow>
	<flow name="tstasbFlow1" doc:id="fcef539c-6fa9-47f9-923e-f57bc0b060be" >
		<http:listener doc:name="Listener" doc:id="41137e10-4b21-4a43-848f-45c9c778b89c" config-ref="HTTP_Listener_config" path="/test"/>
		<servicebus:queue-send doc:name="Queue send" doc:id="7e2ea368-e2c5-438f-a954-e335f8f20fa8" config-ref="Microsoft_Service_Bus_Config" destinationQueue="testq"/>
	</flow>
</mule>
